,precision,recall,f1-score,support
0,1.0,0.9864864864864865,0.9931972789115647,74.0
1,0.9836065573770492,1.0,0.9917355371900827,60.0
2,1.0,1.0,1.0,66.0
accuracy,0.995,0.995,0.995,0.995
macro avg,0.9945355191256832,0.9954954954954954,0.9949776053672158,200.0
weighted avg,0.9950819672131148,0.995,0.9950036543543037,200.0
